contact_id,first_name,last_name,job_title,company_name,industry_type,seniority_level,decision_maker_level,email_address,phone_number,linkedin_profile_url,priority_score,pain_points,yardi_solution,outreach_message,next_action,action_date
14,Robert,Goldman,Director Asset Management,Z Modular,Real Estate Development,Director,Secondary,robert.goldman@z-modular.com,925-788-XXXX,https://linkedin.com/in/robertmgoldman,8,"Development-to-operations transition complexity; Asset performance tracking; Scaling operations","Yardi enterprise asset management; Development modules; Portfolio optimization","Hi Robert, I help multifamily developers like Z Modular optimize their asset management through strategic Yardi implementations. Would you be open to a brief conversation about your development-to-operations challenges?","Send initial email outreach",2025-06-23
11,Erica,Gunnison,Senior Asset Manager,Zekelman Industries,Real Estate Development,Manager,Secondary,erica.gunnison@zekelman.com,,https://linkedin.com/in/erica-gunnison,7,"Large-scale asset portfolio management; Reporting challenges; Compliance complexity","Yardi enterprise asset management; Compliance automation; Advanced reporting","Hi Erica, I help large corporations like Zekelman Industries optimize their real estate asset management through Yardi solutions. Would you be interested in discussing your current asset management priorities?","LinkedIn connection request",2025-06-23
13,Manoah,Williams,Manager of Analytics,Z Modular,Real Estate Development,Manager,Influencer,manoah.williams@z-modular.com,,https://linkedin.com/in/manoah,7,"Data analytics gaps; Manual reporting; Limited business intelligence","Yardi analytics platform; Custom reporting; BI integration","Hi Manoah, I help real estate companies like Z Modular transform their data into actionable insights through Yardi analytics solutions. Would you be interested in discussing your current analytics challenges?","LinkedIn connection request",2025-06-24
15,Dan,Woodhead,Director,Yardi Systems Inc,Technology/Software,Director,Secondary,dan.woodhead@yardisystems.com,,https://linkedin.com/in/dan-woodhead,7,"Internal system optimization; Client support challenges; Technology integration","Yardi system optimization; Process automation; Custom solutions","Hi Dan, I'm a Yardi consultant helping clients optimize their implementations. Would you be interested in discussing potential partnership opportunities for client success initiatives?","Email outreach - partnership focus",2025-06-25

